order_id,customer_id ,order_date ,order_status
1,541,21-01-2022,Cancelled
2,356,21-07-2022,Completed
3,386,16-05-2024,Completed
4,788,25-03-2024,Completed
5,880,23-05-2024,Completed
6,756,23-06-2023,Completed
7,437,01-06-2022,Completed
8,324,11-07-2023,Completed
9,455,03-08-2023,Completed
10,121,13-03-2022,Cancelled
11,626,27-08-2023,Cancelled
12,285,25-02-2022,Cancelled
13,821,10-05-2023,Completed
14,368,18-09-2023,Cancelled
15,86,07-09-2022,Pending
16,436,21-01-2023,Completed
17,734,19-09-2022,Completed
18,799,09-01-2022,Cancelled
19,159,30-07-2022,Pending
20,661,14-02-2022,Completed
21,206,26-07-2022,Completed
22,244,30-01-2024,Completed
23,529,15-02-2022,Completed
24,624,07-01-2023,Completed
25,500,06-01-2022,Pending
26,866,14-11-2023,Completed
27,724,09-04-2023,Completed
28,853,23-03-2024,Pending
29,54,07-08-2023,Cancelled
30,439,01-01-2024,Completed
31,481,30-05-2024,Completed
32,474,16-08-2023,Completed
33,125,22-02-2022,Cancelled
34,375,29-09-2023,Completed
35,783,13-01-2023,Pending
36,977,06-02-2023,Completed
37,282,14-02-2023,Cancelled
38,472,20-09-2022,Completed
39,660,22-12-2023,Completed
40,698,16-05-2024,Cancelled
41,842,21-11-2022,Completed
42,96,20-02-2022,Pending
43,905,23-07-2023,Pending
44,227,15-10-2022,Pending
45,155,16-03-2023,Cancelled
46,737,15-03-2023,Completed
47,805,21-10-2023,Pending
48,411,23-11-2023,Completed
49,319,13-12-2023,Completed
50,211,01-06-2024,Completed
51,554,07-03-2022,Pending
52,875,28-09-2022,Completed
53,409,02-04-2024,Cancelled
54,820,08-03-2023,Completed
55,402,16-05-2022,Completed
56,984,14-09-2023,Completed
57,708,30-08-2022,Completed
58,56,05-03-2022,Completed
59,619,10-01-2023,Completed
60,230,17-03-2023,Cancelled
61,689,10-11-2023,Cancelled
62,668,25-05-2024,Cancelled
63,897,19-05-2022,Completed
64,940,11-05-2023,Completed
65,774,02-07-2023,Cancelled
66,154,29-09-2022,Pending
67,567,18-12-2023,Completed
68,184,07-02-2023,Pending
69,15,02-02-2023,Pending
70,388,20-01-2024,Completed
71,869,29-04-2023,Pending
72,205,17-01-2022,Completed
73,533,15-03-2022,Pending
74,722,04-03-2024,Completed
75,790,14-12-2023,Cancelled
76,725,09-03-2022,Completed
77,662,19-06-2023,Completed
78,460,01-09-2023,Cancelled
79,55,08-04-2023,Completed
80,675,22-03-2024,Cancelled
81,880,18-11-2022,Pending
82,731,18-11-2023,Completed
83,969,23-06-2023,Cancelled
84,118,02-11-2022,Completed
85,424,09-02-2023,Pending
86,482,06-04-2024,Pending
87,854,22-03-2023,Completed
88,907,09-02-2023,Pending
89,846,14-11-2022,Cancelled
90,183,18-11-2022,Cancelled
91,446,13-12-2023,Cancelled
92,745,24-08-2022,Completed
93,22,29-04-2022,Completed
94,204,16-07-2022,Completed
95,138,11-09-2023,Completed
96,824,21-12-2022,Cancelled
97,618,12-03-2023,Completed
98,252,17-06-2022,Cancelled
99,836,23-01-2022,Pending
100,194,16-05-2024,Completed
101,800,08-04-2024,Pending
102,208,30-01-2022,Completed
103,331,09-06-2022,Completed
104,182,28-03-2024,Completed
105,513,07-10-2022,Completed
106,8,24-04-2022,Pending
107,121,19-09-2023,Completed
108,113,09-03-2022,Completed
109,555,25-11-2023,Completed
110,537,19-03-2024,Completed
111,933,15-05-2023,Completed
112,562,05-08-2023,Completed
113,373,20-05-2023,Pending
114,395,27-04-2024,Cancelled
115,774,14-02-2022,Pending
116,642,28-11-2023,Completed
117,304,13-10-2022,Completed
118,518,06-12-2023,Completed
119,351,01-10-2022,Completed
120,68,16-02-2024,Cancelled
121,526,14-11-2023,Cancelled
122,624,22-03-2024,Completed
123,21,22-05-2024,Cancelled
124,208,11-11-2022,Pending
125,868,21-01-2023,Completed
126,527,06-06-2023,Completed
127,489,24-09-2022,Pending
128,395,09-03-2022,Cancelled
129,807,12-05-2023,Completed
130,71,16-02-2024,Pending
131,30,27-07-2023,Cancelled
132,162,10-02-2024,Completed
133,929,20-09-2023,Completed
134,67,05-12-2022,Completed
135,119,12-03-2022,Pending
136,227,11-08-2023,Completed
137,728,26-12-2022,Cancelled
138,478,21-08-2023,Cancelled
139,315,06-02-2022,Pending
140,601,23-11-2023,Pending
141,751,05-04-2022,Completed
142,879,12-05-2024,Pending
143,279,04-08-2022,Completed
144,45,29-03-2022,Pending
145,959,06-03-2023,Completed
146,172,08-08-2022,Completed
147,496,21-11-2022,Completed
148,446,22-06-2023,Completed
149,50,25-09-2022,Cancelled
150,452,10-03-2022,Completed
151,658,19-03-2024,Completed
152,201,17-07-2023,Completed
153,226,04-04-2024,Completed
154,471,21-10-2023,Completed
155,253,30-01-2024,Pending
156,294,02-08-2022,Pending
157,359,07-05-2024,Pending
158,234,09-11-2023,Completed
159,262,17-07-2022,Completed
160,819,18-12-2022,Cancelled
161,684,31-08-2023,Pending
162,395,03-01-2024,Completed
163,242,06-02-2023,Completed
164,734,29-10-2023,Pending
165,728,13-05-2023,Completed
166,144,04-06-2023,Completed
167,510,28-03-2023,Completed
168,875,31-01-2022,Completed
169,321,09-02-2023,Completed
170,24,25-10-2023,Completed
171,891,28-10-2022,Pending
172,698,08-02-2023,Completed
173,237,05-08-2022,Cancelled
174,49,08-12-2023,Completed
175,439,14-06-2024,Cancelled
176,448,11-01-2023,Completed
177,406,31-10-2023,Completed
178,916,08-11-2022,Completed
179,843,24-01-2023,Completed
180,142,22-11-2023,Completed
181,199,17-09-2022,Completed
182,738,14-08-2022,Completed
183,24,12-05-2022,Cancelled
184,157,30-10-2023,Completed
185,927,26-11-2022,Completed
186,213,29-07-2022,Completed
187,417,08-01-2022,Cancelled
188,961,19-11-2022,Cancelled
189,532,09-02-2023,Completed
190,741,18-05-2024,Completed
191,468,10-10-2022,Completed
192,594,27-01-2022,Cancelled
193,876,11-11-2022,Completed
194,864,22-09-2022,Completed
195,540,14-07-2023,Completed
196,249,05-02-2022,Completed
197,710,08-05-2024,Completed
198,982,14-12-2022,Pending
199,149,27-12-2023,Completed
200,903,13-06-2024,Completed
201,834,08-10-2023,Pending
202,200,26-07-2023,Completed
203,120,16-07-2023,Completed
204,669,20-04-2023,Completed
205,580,24-02-2022,Completed
206,265,01-09-2022,Cancelled
207,969,05-08-2023,Completed
208,402,01-06-2023,Cancelled
209,208,24-12-2022,Pending
210,276,11-10-2023,Pending
211,459,14-07-2022,Cancelled
212,691,27-03-2023,Completed
213,747,16-11-2023,Pending
214,870,18-06-2022,Completed
215,491,02-10-2022,Pending
216,343,23-10-2022,Completed
217,983,11-10-2022,Cancelled
218,443,10-09-2022,Completed
219,572,09-07-2023,Cancelled
220,153,08-04-2022,Completed
221,429,17-10-2022,Completed
222,223,18-11-2023,Cancelled
223,655,26-11-2022,Completed
224,490,07-06-2022,Cancelled
225,863,28-05-2022,Cancelled
226,872,21-04-2022,Pending
227,75,30-01-2023,Cancelled
228,835,16-10-2023,Completed
229,854,05-06-2024,Cancelled
230,899,07-04-2023,Completed
231,584,04-03-2024,Pending
232,457,17-11-2023,Completed
233,783,27-06-2023,Completed
234,982,29-06-2023,Completed
235,444,19-04-2022,Pending
236,112,29-04-2024,Cancelled
237,722,23-02-2022,Pending
238,941,16-10-2022,Completed
239,595,07-05-2024,Pending
240,326,17-06-2022,Completed
241,734,11-02-2024,Cancelled
242,62,10-09-2023,Completed
243,741,01-02-2024,Pending
244,970,22-02-2024,Completed
245,243,25-08-2022,Completed
246,579,23-02-2022,Completed
247,431,09-12-2022,Pending
248,439,09-03-2024,Pending
249,745,14-05-2024,Cancelled
250,707,09-12-2023,Completed
251,55,23-03-2024,Pending
252,875,06-12-2023,Pending
253,214,14-05-2024,Completed
254,818,17-01-2024,Completed
255,495,06-11-2022,Completed
256,962,04-01-2023,Completed
257,813,11-01-2024,Completed
258,164,03-02-2022,Completed
259,590,06-03-2023,Completed
260,596,30-09-2022,Pending
261,445,10-12-2022,Completed
262,90,05-09-2023,Completed
263,101,30-10-2022,Pending
264,444,17-05-2023,Completed
265,39,28-10-2023,Completed
266,638,18-05-2022,Cancelled
267,102,01-11-2022,Completed
268,283,12-08-2022,Completed
269,591,14-01-2023,Cancelled
270,564,25-11-2023,Completed
271,144,16-09-2023,Completed
272,214,29-03-2022,Pending
273,953,05-05-2022,Completed
274,114,11-06-2022,Completed
275,263,10-09-2023,Completed
276,819,07-02-2024,Completed
277,205,30-04-2024,Cancelled
278,871,12-05-2023,Completed
279,95,19-09-2022,Completed
280,728,11-10-2023,Cancelled
281,620,24-06-2022,Cancelled
282,200,07-06-2022,Completed
283,785,27-06-2022,Pending
284,360,08-07-2022,Completed
285,139,09-04-2024,Completed
286,649,20-02-2022,Cancelled
287,574,14-06-2024,Cancelled
288,210,10-02-2024,Completed
289,373,03-03-2024,Completed
290,696,27-02-2023,Pending
291,964,04-11-2022,Completed
292,440,05-04-2023,Cancelled
293,116,30-12-2022,Completed
294,648,07-05-2023,Pending
295,947,09-01-2023,Completed
296,486,06-08-2023,Cancelled
297,553,23-10-2023,Pending
298,637,12-02-2024,Completed
299,278,14-01-2024,Completed
300,745,22-04-2024,Pending
301,40,07-02-2023,Completed
302,639,03-03-2022,Completed
303,460,11-06-2024,Completed
304,817,03-12-2023,Cancelled
305,142,02-06-2023,Pending
306,101,05-06-2023,Completed
307,708,21-03-2024,Cancelled
308,968,26-06-2022,Completed
309,68,03-01-2022,Completed
310,36,21-03-2022,Completed
311,327,23-10-2022,Completed
312,856,17-01-2023,Completed
313,270,06-04-2022,Completed
314,306,19-11-2022,Cancelled
315,645,29-05-2023,Completed
316,824,21-12-2023,Completed
317,137,17-01-2024,Completed
318,417,24-12-2023,Pending
319,412,08-06-2024,Completed
320,498,07-12-2022,Completed
321,348,12-08-2023,Completed
322,320,29-01-2023,Pending
323,347,17-08-2023,Pending
324,69,08-09-2023,Completed
325,376,18-04-2024,Pending
326,79,16-01-2024,Pending
327,973,21-02-2022,Cancelled
328,185,28-05-2022,Completed
329,874,21-10-2022,Completed
330,715,07-07-2022,Completed
331,765,26-12-2023,Cancelled
332,21,25-02-2024,Completed
333,194,28-03-2022,Pending
334,539,15-09-2022,Completed
335,473,20-08-2023,Completed
336,155,07-10-2023,Cancelled
337,917,28-11-2022,Completed
338,420,11-03-2022,Pending
339,75,15-09-2022,Completed
340,54,06-09-2023,Completed
341,813,21-09-2023,Pending
342,716,18-08-2023,Completed
343,41,18-04-2024,Completed
344,461,21-08-2023,Pending
345,373,24-04-2023,Cancelled
346,924,11-02-2024,Completed
347,899,29-12-2023,Completed
348,397,03-01-2024,Completed
349,753,28-04-2023,Completed
350,430,12-04-2023,Pending
351,487,29-09-2022,Completed
352,124,03-10-2023,Completed
353,804,21-01-2024,Completed
354,781,08-10-2022,Cancelled
355,608,13-11-2022,Completed
356,213,19-06-2022,Completed
357,930,05-03-2024,Cancelled
358,378,21-09-2022,Completed
359,384,03-10-2022,Completed
360,607,27-02-2024,Cancelled
361,385,24-04-2024,Cancelled
362,608,31-08-2022,Pending
363,97,03-01-2024,Cancelled
364,492,04-02-2022,Completed
365,562,18-02-2024,Completed
366,723,27-04-2024,Completed
367,994,06-03-2022,Cancelled
368,203,19-01-2024,Cancelled
369,585,27-08-2022,Pending
370,484,09-11-2023,Cancelled
371,159,28-04-2024,Cancelled
372,596,14-02-2024,Completed
373,145,06-04-2023,Completed
374,131,06-06-2023,Cancelled
375,502,16-02-2023,Completed
376,704,28-04-2023,Cancelled
377,893,23-05-2023,Completed
378,131,05-09-2022,Completed
379,498,10-12-2023,Completed
380,351,04-06-2022,Completed
381,661,25-09-2022,Completed
382,346,20-05-2022,Completed
383,616,27-01-2022,Completed
384,198,31-08-2023,Completed
385,474,28-05-2023,Completed
386,714,07-01-2024,Completed
387,664,10-08-2023,Cancelled
388,646,29-09-2023,Pending
389,635,04-10-2022,Completed
390,632,27-01-2024,Completed
391,381,29-01-2024,Completed
392,411,24-08-2023,Completed
393,175,08-03-2023,Cancelled
394,420,10-06-2022,Completed
395,364,20-03-2023,Completed
396,584,13-04-2023,Cancelled
397,385,03-12-2022,Completed
398,621,11-07-2023,Pending
399,136,22-04-2022,Cancelled
400,767,30-06-2022,Cancelled
401,781,24-02-2023,Completed
402,255,10-01-2024,Completed
403,530,12-03-2024,Completed
404,134,28-01-2024,Completed
405,782,28-02-2023,Completed
406,303,03-04-2024,Completed
407,393,15-10-2022,Completed
408,636,21-04-2024,Pending
409,614,02-01-2022,Completed
410,613,09-01-2022,Pending
411,840,03-09-2022,Completed
412,823,30-12-2023,Cancelled
413,8,01-06-2024,Completed
414,424,21-01-2022,Completed
415,612,20-09-2022,Completed
416,761,05-02-2023,Completed
417,944,24-09-2022,Completed
418,425,30-08-2023,Completed
419,846,15-05-2023,Completed
420,621,27-03-2024,Completed
421,121,31-10-2023,Pending
422,653,21-07-2023,Cancelled
423,318,26-02-2023,Completed
424,322,08-11-2022,Completed
425,251,04-07-2023,Completed
426,834,12-12-2023,Cancelled
427,125,13-04-2023,Completed
428,72,13-05-2024,Pending
429,561,13-05-2024,Completed
430,622,08-05-2023,Cancelled
431,506,09-10-2022,Completed
432,978,18-05-2024,Cancelled
433,847,11-09-2023,Completed
434,468,28-11-2022,Completed
435,857,27-05-2024,Completed
436,482,03-06-2022,Completed
437,434,30-01-2022,Pending
438,556,15-11-2023,Completed
439,914,31-03-2022,Pending
440,272,19-10-2022,Completed
441,636,06-04-2024,Completed
442,674,24-04-2022,Completed
443,342,16-03-2022,Cancelled
444,563,19-03-2023,Completed
445,63,12-10-2023,Pending
446,22,15-02-2023,Cancelled
447,754,14-12-2023,Cancelled
448,623,25-08-2022,Pending
449,539,25-04-2023,Completed
450,745,17-08-2023,Cancelled
451,262,13-04-2023,Completed
452,555,20-02-2024,Cancelled
453,785,26-01-2024,Pending
454,71,17-12-2022,Completed
455,148,28-09-2022,Completed
456,529,31-03-2024,Completed
457,722,20-12-2023,Pending
458,587,14-02-2023,Completed
459,915,04-11-2022,Completed
460,733,12-11-2022,Completed
461,329,17-01-2023,Cancelled
462,727,26-06-2023,Completed
463,953,05-01-2022,Pending
464,545,09-01-2024,Completed
465,162,27-07-2023,Completed
466,563,10-06-2022,Completed
467,27,16-05-2024,Completed
468,412,15-05-2022,Pending
469,243,02-09-2022,Completed
470,101,08-05-2024,Completed
471,890,27-12-2023,Pending
472,263,26-02-2023,Completed
473,52,05-03-2024,Completed
474,458,11-01-2023,Completed
475,956,21-04-2022,Completed
476,834,18-07-2023,Completed
477,217,02-01-2022,Pending
478,171,20-05-2024,Completed
479,687,12-08-2023,Completed
480,824,07-04-2024,Completed
481,795,25-12-2023,Pending
482,457,30-07-2022,Completed
483,31,14-11-2022,Pending
484,277,10-05-2022,Completed
485,523,07-03-2023,Completed
486,96,27-11-2023,Pending
487,383,17-02-2022,Cancelled
488,511,14-10-2023,Pending
489,596,14-12-2022,Completed
490,964,21-10-2022,Completed
491,704,25-02-2024,Completed
492,184,05-05-2024,Completed
493,449,13-01-2024,Completed
494,576,21-03-2024,Pending
495,694,28-05-2023,Completed
496,299,11-05-2023,Completed
497,936,01-03-2023,Completed
498,143,24-07-2022,Completed
499,448,15-05-2024,Pending
500,158,06-04-2022,Completed
501,88,11-01-2024,Cancelled
502,70,08-11-2023,Completed
503,720,16-06-2024,Completed
504,782,09-05-2022,Pending
505,101,10-03-2023,Cancelled
506,607,31-12-2023,Cancelled
507,529,12-02-2023,Completed
508,933,11-09-2022,Completed
509,112,20-06-2023,Cancelled
510,111,24-01-2022,Completed
511,459,13-11-2022,Completed
512,105,10-12-2023,Completed
513,982,03-08-2022,Cancelled
514,499,18-01-2024,Pending
515,888,05-11-2022,Completed
516,772,14-06-2024,Cancelled
517,651,16-11-2023,Completed
518,890,25-05-2024,Completed
519,271,11-09-2022,Completed
520,761,28-06-2023,Completed
521,244,30-05-2022,Completed
522,132,09-01-2022,Completed
523,9,16-01-2023,Cancelled
524,194,17-06-2022,Cancelled
525,746,08-12-2023,Completed
526,759,27-03-2023,Cancelled
527,352,07-01-2024,Pending
528,819,23-01-2024,Completed
529,319,10-02-2022,Pending
530,144,28-04-2022,Completed
531,46,22-10-2023,Cancelled
532,54,15-05-2024,Cancelled
533,263,21-02-2023,Cancelled
534,697,22-04-2022,Pending
535,309,10-06-2024,Completed
536,272,17-09-2022,Completed
537,650,24-01-2022,Pending
538,225,16-08-2023,Pending
539,287,24-03-2022,Pending
540,619,28-11-2022,Pending
541,730,04-08-2022,Completed
542,132,16-09-2022,Completed
543,799,16-07-2023,Completed
544,353,25-06-2023,Cancelled
545,238,14-12-2022,Completed
546,459,20-12-2023,Completed
547,811,12-02-2024,Completed
548,196,15-05-2023,Completed
549,280,03-06-2022,Pending
550,49,25-12-2023,Pending
551,522,04-01-2023,Completed
552,323,17-06-2023,Completed
553,701,08-02-2023,Completed
554,25,23-09-2022,Cancelled
555,767,05-07-2022,Completed
556,761,20-10-2023,Completed
557,786,07-06-2024,Completed
558,606,14-08-2023,Pending
559,663,04-01-2024,Cancelled
560,632,28-02-2022,Completed
561,386,09-07-2022,Cancelled
562,721,25-11-2023,Completed
563,428,26-03-2024,Completed
564,69,21-07-2023,Pending
565,133,23-11-2022,Completed
566,965,17-03-2022,Completed
567,868,19-02-2023,Pending
568,576,22-11-2022,Completed
569,405,23-03-2023,Completed
570,908,25-03-2024,Pending
571,318,07-11-2022,Completed
572,499,18-12-2023,Completed
573,107,19-01-2023,Cancelled
574,245,15-02-2024,Completed
575,577,01-01-2024,Completed
576,783,25-05-2023,Completed
577,965,13-10-2023,Completed
578,451,17-11-2023,Pending
579,868,28-08-2022,Completed
580,483,26-02-2024,Completed
581,409,15-12-2022,Completed
582,39,13-06-2022,Completed
583,324,21-01-2022,Completed
584,681,11-06-2022,Pending
585,808,24-04-2024,Cancelled
586,719,02-06-2023,Cancelled
587,135,16-02-2023,Cancelled
588,947,17-01-2023,Completed
589,186,18-06-2024,Completed
590,367,31-01-2024,Completed
591,94,29-07-2022,Pending
592,531,05-11-2023,Completed
593,871,03-03-2022,Pending
594,889,08-06-2022,Completed
595,736,09-11-2023,Cancelled
596,785,27-01-2023,Completed
597,495,14-03-2023,Pending
598,256,28-04-2024,Cancelled
599,565,18-05-2022,Completed
600,772,02-02-2024,Completed
601,78,18-05-2022,Completed
602,28,17-03-2024,Completed
603,994,27-10-2022,Completed
604,291,24-02-2023,Cancelled
605,333,17-04-2024,Completed
606,780,30-08-2022,Pending
607,841,01-02-2023,Pending
608,871,08-09-2023,Completed
609,298,26-06-2023,Cancelled
610,714,27-05-2022,Pending
611,787,25-05-2022,Completed
612,177,03-09-2023,Completed
613,835,19-04-2023,Completed
614,851,01-09-2023,Completed
615,377,07-04-2022,Pending
616,192,26-02-2024,Completed
617,841,08-01-2023,Completed
618,250,01-05-2024,Pending
619,238,14-03-2022,Completed
620,62,09-10-2022,Completed
621,608,11-01-2024,Cancelled
622,254,18-08-2023,Completed
623,64,08-08-2022,Completed
624,610,24-11-2022,Completed
625,264,03-08-2022,Cancelled
626,784,08-04-2024,Cancelled
627,369,11-06-2024,Completed
628,18,21-09-2022,Cancelled
629,441,25-09-2022,Pending
630,930,25-09-2023,Completed
631,567,13-10-2023,Completed
632,798,19-04-2023,Completed
633,343,26-03-2022,Completed
634,601,12-05-2023,Cancelled
635,993,12-05-2022,Completed
636,996,08-05-2024,Completed
637,480,10-08-2022,Completed
638,80,09-12-2023,Pending
639,969,31-05-2023,Cancelled
640,492,26-02-2022,Cancelled
641,162,11-09-2022,Completed
642,717,11-06-2023,Pending
643,187,24-06-2022,Completed
644,302,25-01-2023,Completed
645,572,21-01-2024,Completed
646,131,13-09-2022,Completed
647,103,22-03-2024,Completed
648,971,14-01-2022,Pending
649,903,26-02-2022,Completed
650,900,29-11-2022,Cancelled
651,298,17-05-2022,Completed
652,20,04-04-2022,Cancelled
653,738,26-11-2022,Completed
654,717,24-01-2022,Cancelled
655,907,13-06-2023,Pending
656,209,03-03-2024,Pending
657,811,02-02-2023,Completed
658,643,27-01-2024,Cancelled
659,312,28-11-2023,Pending
660,128,13-03-2022,Pending
661,556,26-06-2023,Completed
662,518,24-02-2023,Completed
663,691,28-03-2024,Completed
664,80,18-01-2022,Cancelled
665,460,11-12-2023,Pending
666,196,02-05-2022,Cancelled
667,961,15-05-2024,Completed
668,967,24-07-2022,Completed
669,633,10-04-2024,Completed
670,867,15-04-2024,Cancelled
671,121,30-08-2022,Pending
672,617,13-12-2023,Pending
673,691,07-07-2022,Pending
674,552,01-10-2023,Pending
675,296,21-06-2023,Completed
676,142,08-04-2023,Completed
677,505,01-12-2023,Completed
678,808,03-06-2023,Pending
679,22,11-07-2023,Completed
680,936,27-04-2022,Completed
681,146,09-08-2023,Completed
682,580,04-06-2024,Completed
683,488,04-01-2024,Completed
684,573,04-05-2023,Completed
685,132,11-10-2023,Cancelled
686,198,01-05-2022,Completed
687,240,26-06-2022,Completed
688,483,30-05-2023,Completed
689,708,04-04-2022,Completed
690,330,02-09-2022,Completed
691,59,14-06-2024,Completed
692,839,13-04-2024,Cancelled
693,397,05-04-2022,Pending
694,704,04-02-2022,Pending
695,361,17-03-2024,Completed
696,182,27-12-2022,Completed
697,594,05-09-2023,Completed
698,926,10-02-2024,Completed
699,410,06-04-2023,Pending
700,912,01-04-2022,Pending
701,369,24-07-2022,Completed
702,859,06-11-2022,Pending
703,504,04-03-2022,Pending
704,531,26-07-2023,Completed
705,395,02-09-2023,Cancelled
706,777,09-10-2023,Completed
707,46,09-06-2022,Completed
708,206,08-09-2023,Completed
709,590,26-05-2024,Cancelled
710,310,17-06-2023,Completed
711,482,22-01-2023,Completed
712,330,05-03-2024,Completed
713,848,28-12-2022,Cancelled
714,718,24-08-2022,Cancelled
715,541,05-02-2023,Completed
716,721,03-01-2022,Pending
717,388,14-01-2023,Pending
718,453,25-08-2022,Cancelled
719,766,17-10-2022,Completed
720,150,30-04-2022,Completed
721,972,05-04-2023,Completed
722,811,24-07-2023,Pending
723,703,06-01-2022,Completed
724,104,31-10-2022,Completed
725,149,21-05-2022,Completed
726,848,11-04-2024,Pending
727,708,28-09-2023,Completed
728,251,02-02-2023,Completed
729,87,13-09-2022,Pending
730,554,02-10-2022,Completed
731,297,03-06-2022,Completed
732,466,27-05-2024,Cancelled
733,45,19-10-2023,Completed
734,872,07-06-2023,Completed
735,452,20-04-2024,Completed
736,120,03-11-2022,Completed
737,303,08-02-2022,Completed
738,154,17-06-2024,Completed
739,203,12-03-2023,Pending
740,148,06-02-2022,Cancelled
741,697,13-11-2023,Pending
742,420,23-12-2022,Completed
743,76,24-01-2024,Pending
744,658,08-12-2023,Pending
745,740,04-06-2023,Completed
746,852,28-09-2022,Cancelled
747,442,09-04-2022,Completed
748,596,16-02-2022,Cancelled
749,126,31-12-2022,Cancelled
750,357,22-05-2023,Completed
751,774,24-12-2022,Completed
752,473,01-02-2024,Cancelled
753,922,17-02-2022,Cancelled
754,801,18-12-2022,Completed
755,834,14-02-2022,Cancelled
756,762,08-03-2022,Completed
757,162,08-02-2024,Pending
758,137,21-08-2023,Completed
759,141,18-03-2023,Completed
760,231,23-10-2022,Pending
761,452,10-03-2022,Cancelled
762,210,02-07-2023,Completed
763,716,28-05-2022,Completed
764,98,11-06-2023,Completed
765,28,19-08-2022,Pending
766,67,24-04-2024,Completed
767,25,28-01-2022,Pending
768,98,15-07-2023,Completed
769,146,06-06-2022,Completed
770,87,17-03-2022,Completed
771,518,09-01-2024,Completed
772,971,03-06-2023,Completed
773,970,08-05-2024,Completed
774,13,07-11-2023,Completed
775,175,15-02-2024,Cancelled
776,631,23-01-2024,Cancelled
777,7,14-04-2022,Completed
778,577,02-02-2023,Completed
779,882,19-05-2024,Completed
780,69,08-08-2023,Completed
781,122,10-03-2023,Completed
782,36,18-08-2023,Cancelled
783,133,06-09-2022,Pending
784,673,21-02-2022,Pending
785,696,29-10-2022,Completed
786,339,26-03-2022,Pending
787,248,11-12-2022,Completed
788,385,23-03-2024,Completed
789,647,26-01-2023,Completed
790,323,03-05-2024,Completed
791,671,20-05-2022,Cancelled
792,180,02-05-2022,Completed
793,277,25-05-2022,Completed
794,829,14-01-2024,Completed
795,344,07-09-2022,Completed
796,623,03-03-2023,Completed
797,400,30-03-2024,Completed
798,889,05-10-2023,Cancelled
799,444,15-07-2022,Completed
800,781,30-04-2022,Completed
801,164,10-05-2022,Completed
802,681,09-01-2023,Completed
803,504,02-04-2022,Cancelled
804,410,27-04-2024,Completed
805,279,19-07-2022,Pending
806,779,15-11-2022,Pending
807,206,23-02-2022,Cancelled
808,559,02-05-2022,Completed
809,106,07-09-2022,Completed
810,891,26-11-2023,Completed
811,313,15-08-2022,Completed
812,535,15-05-2024,Completed
813,599,04-12-2022,Completed
814,115,19-02-2024,Completed
815,538,15-04-2024,Completed
816,259,04-08-2023,Completed
817,604,26-06-2022,Completed
818,358,10-06-2023,Pending
819,931,03-01-2024,Completed
820,560,18-06-2024,Cancelled
821,357,27-09-2023,Pending
822,381,25-09-2023,Pending
823,374,03-11-2022,Pending
824,308,15-09-2022,Completed
825,715,20-01-2022,Completed
826,205,27-06-2022,Completed
827,639,26-04-2022,Completed
828,138,12-11-2023,Completed
829,509,29-01-2023,Completed
830,91,11-02-2024,Completed
831,982,10-07-2023,Cancelled
832,697,11-04-2022,Pending
833,953,21-01-2022,Cancelled
834,517,13-02-2023,Cancelled
835,358,29-01-2024,Completed
836,798,08-10-2023,Completed
837,943,16-03-2024,Completed
838,541,21-08-2023,Completed
839,369,06-09-2023,Completed
840,432,14-02-2023,Completed
841,921,31-03-2024,Completed
842,105,28-05-2023,Pending
843,150,02-10-2022,Completed
844,922,25-10-2023,Completed
845,520,18-09-2023,Cancelled
846,734,25-01-2024,Cancelled
847,998,12-02-2022,Completed
848,752,04-10-2022,Cancelled
849,481,03-03-2023,Completed
850,923,04-03-2023,Completed
851,138,25-04-2024,Pending
852,597,18-03-2023,Completed
853,65,06-03-2023,Cancelled
854,756,05-05-2024,Pending
855,471,21-03-2024,Pending
856,12,24-08-2023,Pending
857,777,12-08-2023,Completed
858,317,02-10-2023,Pending
859,472,22-04-2023,Completed
860,599,16-04-2023,Completed
861,181,18-01-2022,Completed
862,323,15-02-2022,Completed
863,218,26-10-2022,Completed
864,137,10-11-2023,Pending
865,982,22-04-2023,Completed
866,835,06-10-2023,Cancelled
867,911,30-03-2024,Cancelled
868,634,11-04-2022,Completed
869,3,31-05-2023,Pending
870,885,28-10-2022,Completed
871,149,23-09-2022,Pending
872,484,12-04-2023,Completed
873,767,11-01-2024,Completed
874,275,11-08-2023,Completed
875,778,23-11-2023,Completed
876,585,22-05-2022,Completed
877,91,16-07-2023,Cancelled
878,587,14-10-2022,Completed
879,177,04-01-2023,Completed
880,808,06-06-2024,Completed
881,529,24-04-2023,Completed
882,584,27-04-2024,Cancelled
883,570,11-05-2023,Completed
884,808,21-02-2023,Completed
885,445,03-09-2023,Completed
886,580,02-04-2022,Cancelled
887,203,16-03-2023,Completed
888,40,18-07-2023,Completed
889,531,16-06-2022,Cancelled
890,763,26-12-2022,Cancelled
891,375,17-01-2022,Completed
892,841,18-04-2023,Completed
893,277,24-02-2024,Completed
894,268,22-09-2023,Cancelled
895,48,10-12-2023,Completed
896,477,09-02-2023,Completed
897,469,15-12-2022,Pending
898,743,09-12-2023,Completed
899,217,30-03-2024,Completed
900,141,12-09-2023,Completed
901,297,15-12-2023,Pending
902,539,21-06-2022,Cancelled
903,903,07-11-2023,Pending
904,62,11-03-2023,Completed
905,537,06-08-2022,Pending
906,612,02-02-2024,Completed
907,603,07-10-2022,Cancelled
908,949,17-02-2022,Completed
909,718,03-10-2022,Pending
910,147,15-04-2024,Cancelled
911,722,09-01-2023,Completed
912,881,26-04-2022,Completed
913,265,05-11-2022,Pending
914,992,06-04-2022,Cancelled
915,126,06-02-2023,Completed
916,191,02-10-2023,Completed
917,21,20-01-2023,Completed
918,620,01-12-2023,Cancelled
919,636,31-03-2022,Pending
920,475,06-12-2022,Pending
921,113,04-09-2023,Cancelled
922,390,03-09-2023,Completed
923,610,15-11-2022,Pending
924,365,24-04-2024,Completed
925,564,18-12-2023,Cancelled
926,290,15-04-2024,Cancelled
927,980,26-08-2022,Cancelled
928,81,19-04-2024,Pending
929,273,09-04-2022,Completed
930,670,16-03-2023,Completed
931,664,27-02-2022,Completed
932,349,01-09-2023,Pending
933,922,07-01-2024,Cancelled
934,470,29-01-2022,Completed
935,328,11-02-2022,Completed
936,954,23-09-2023,Pending
937,877,03-09-2022,Completed
938,474,19-06-2023,Completed
939,520,16-05-2024,Completed
940,800,10-01-2022,Completed
941,812,03-04-2023,Completed
942,600,10-10-2022,Completed
943,445,14-10-2022,Completed
944,174,27-01-2023,Completed
945,85,05-02-2022,Pending
946,678,01-10-2022,Completed
947,481,20-11-2022,Cancelled
948,313,22-05-2023,Cancelled
949,351,10-11-2022,Completed
950,901,28-07-2022,Cancelled
951,323,21-05-2023,Completed
952,7,11-12-2023,Pending
953,676,24-05-2024,Completed
954,520,23-04-2022,Completed
955,859,23-05-2023,Completed
956,46,19-04-2024,Completed
957,892,22-01-2022,Pending
958,825,17-12-2022,Cancelled
959,315,11-11-2022,Pending
960,947,12-12-2022,Completed
961,981,19-01-2023,Cancelled
962,564,13-02-2024,Completed
963,634,14-06-2023,Completed
964,504,15-06-2022,Cancelled
965,652,19-02-2022,Completed
966,566,07-10-2023,Pending
967,112,05-01-2023,Completed
968,743,16-06-2024,Completed
969,56,21-02-2023,Pending
970,191,14-04-2022,Completed
971,871,04-06-2023,Cancelled
972,954,08-01-2022,Pending
973,574,17-05-2022,Cancelled
974,429,22-08-2022,Completed
975,419,28-02-2024,Completed
976,561,18-08-2023,Pending
977,931,13-05-2023,Cancelled
978,178,18-03-2022,Completed
979,21,26-01-2022,Completed
980,416,05-04-2023,Pending
981,49,24-12-2022,Completed
982,372,23-03-2022,Cancelled
983,232,18-07-2023,Completed
984,388,05-05-2023,Completed
985,526,12-12-2022,Pending
986,163,19-04-2024,Pending
987,686,11-09-2022,Pending
988,734,14-10-2022,Completed
989,942,17-02-2023,Cancelled
990,538,01-05-2023,Pending
991,463,12-03-2022,Pending
992,365,14-09-2023,Cancelled
993,900,16-05-2022,Completed
994,502,29-09-2023,Pending
995,104,19-06-2022,Cancelled
996,698,29-06-2022,Cancelled
997,154,01-06-2024,Completed
998,544,21-12-2023,Cancelled
999,164,13-12-2023,Completed
1000,487,25-05-2023,Completed
1001,750,26-11-2023,Cancelled
1002,609,13-07-2022,Completed
1003,748,07-11-2022,Cancelled
1004,428,25-03-2022,Pending
1005,323,19-05-2024,Completed
1006,531,16-10-2022,Pending
1007,223,02-04-2022,Completed
1008,255,13-03-2023,Completed
1009,259,22-09-2023,Cancelled
1010,619,21-08-2022,Cancelled
1011,765,21-10-2023,Completed
1012,920,27-04-2024,Completed
1013,697,15-01-2024,Completed
1014,414,11-06-2023,Completed
1015,957,13-03-2024,Cancelled
1016,218,23-03-2024,Cancelled
1017,39,19-07-2022,Pending
1018,382,21-06-2023,Cancelled
1019,513,23-01-2023,Completed
1020,99,13-06-2024,Completed
1021,227,02-01-2023,Completed
1022,855,26-10-2022,Completed
1023,672,27-01-2024,Completed
1024,581,23-04-2022,Completed
1025,848,25-09-2022,Completed
1026,294,10-11-2022,Pending
1027,341,19-04-2024,Completed
1028,195,11-11-2023,Completed
1029,838,09-05-2023,Pending
1030,548,17-04-2024,Completed
1031,435,17-03-2023,Cancelled
1032,774,22-11-2022,Completed
1033,947,18-04-2024,Pending
1034,698,19-06-2022,Pending
1035,331,26-03-2024,Completed
1036,989,12-02-2024,Cancelled
1037,84,24-02-2023,Cancelled
1038,899,17-02-2022,Pending
1039,822,26-12-2023,Completed
1040,248,11-01-2024,Pending
1041,394,11-10-2023,Completed
1042,304,04-03-2024,Pending
1043,736,07-10-2022,Pending
1044,935,09-09-2023,Completed
1045,110,17-03-2023,Completed
1046,621,29-09-2022,Completed
1047,177,16-02-2024,Completed
1048,237,23-05-2024,Pending
1049,798,04-06-2022,Pending
1050,737,25-03-2022,Completed
1051,524,03-05-2023,Cancelled
1052,275,11-09-2022,Pending
1053,208,23-04-2022,Completed
1054,276,09-06-2023,Pending
1055,257,03-08-2023,Pending
1056,680,31-10-2023,Completed
1057,42,14-08-2023,Completed
1058,579,28-07-2022,Pending
1059,29,13-06-2024,Cancelled
1060,666,07-01-2023,Completed
1061,412,05-10-2022,Pending
1062,57,12-05-2023,Completed
1063,441,19-10-2022,Completed
1064,708,11-02-2022,Cancelled
1065,256,14-02-2022,Completed
1066,587,13-09-2022,Completed
1067,984,31-03-2022,Completed
1068,371,11-06-2023,Completed
1069,985,23-06-2022,Completed
1070,938,04-05-2024,Pending
1071,866,22-04-2022,Completed
1072,864,23-03-2024,Pending
1073,930,24-02-2023,Completed
1074,948,31-10-2023,Completed
1075,504,27-04-2023,Completed
1076,353,06-11-2022,Cancelled
1077,694,30-10-2022,Pending
1078,77,16-06-2023,Completed
1079,892,31-01-2023,Pending
1080,457,01-04-2023,Cancelled
1081,122,23-05-2022,Pending
1082,482,15-03-2024,Completed
1083,121,20-06-2022,Completed
1084,409,30-06-2022,Completed
1085,163,08-05-2024,Completed
1086,577,11-01-2022,Completed
1087,164,12-09-2023,Completed
1088,742,23-04-2024,Completed
1089,546,03-01-2022,Completed
1090,648,15-11-2023,Completed
1091,148,05-05-2022,Pending
1092,19,14-03-2024,Completed
1093,133,22-01-2023,Pending
1094,146,10-06-2024,Pending
1095,193,19-05-2023,Completed
1096,136,19-09-2023,Completed
1097,199,23-03-2024,Completed
1098,91,15-03-2024,Completed
1099,565,18-05-2022,Cancelled
1100,269,09-01-2024,Completed
1101,990,19-06-2023,Completed
1102,999,15-03-2023,Cancelled
1103,253,24-12-2022,Cancelled
1104,245,04-05-2022,Completed
1105,421,19-03-2022,Completed
1106,134,07-04-2022,Completed
1107,786,10-06-2023,Completed
1108,771,22-09-2023,Pending
1109,489,02-04-2024,Pending
1110,380,24-02-2024,Completed
1111,509,20-02-2024,Pending
1112,851,21-08-2023,Completed
1113,510,03-03-2022,Cancelled
1114,925,05-03-2023,Completed
1115,73,23-07-2022,Completed
1116,670,09-02-2024,Completed
1117,160,28-04-2024,Pending
1118,325,31-03-2022,Pending
1119,338,12-01-2024,Pending
1120,544,06-11-2023,Cancelled
1121,378,07-06-2023,Cancelled
1122,155,17-05-2022,Completed
1123,900,04-01-2023,Completed
1124,55,24-01-2023,Completed
1125,969,24-05-2022,Pending
1126,246,10-11-2023,Completed
1127,701,15-11-2022,Cancelled
1128,257,06-04-2024,Completed
1129,355,01-08-2022,Completed
1130,861,20-07-2022,Completed
1131,965,11-04-2022,Cancelled
1132,190,01-04-2022,Pending
1133,602,14-07-2022,Cancelled
1134,80,09-01-2024,Completed
1135,370,16-02-2023,Completed
1136,805,11-02-2022,Pending
1137,988,04-06-2023,Completed
1138,993,28-05-2024,Cancelled
1139,158,10-09-2022,Completed
1140,161,19-04-2023,Completed
1141,388,02-11-2022,Completed
1142,127,06-03-2023,Cancelled
1143,599,10-12-2022,Completed
1144,236,21-01-2022,Cancelled
1145,147,06-05-2023,Pending
1146,476,28-09-2022,Completed
1147,946,20-05-2024,Pending
1148,756,17-02-2023,Completed
1149,144,16-05-2024,Cancelled
1150,699,27-04-2024,Pending
1151,934,06-02-2022,Completed
1152,301,06-10-2022,Cancelled
1153,177,18-05-2024,Cancelled
1154,53,02-03-2023,Completed
1155,184,21-02-2024,Completed
1156,280,05-01-2024,Pending
1157,765,04-05-2024,Completed
1158,641,17-02-2024,Completed
1159,431,12-07-2022,Completed
1160,15,06-11-2022,Completed
1161,618,21-05-2024,Cancelled
1162,162,10-12-2022,Cancelled
1163,244,01-02-2022,Pending
1164,657,24-03-2023,Completed
1165,107,28-07-2022,Completed
1166,850,04-09-2023,Completed
1167,789,25-05-2023,Pending
1168,524,07-08-2023,Completed
1169,42,18-04-2024,Cancelled
1170,432,14-09-2023,Cancelled
1171,295,26-09-2023,Completed
1172,621,19-09-2023,Cancelled
1173,750,17-06-2022,Cancelled
1174,31,05-04-2023,Completed
1175,406,12-06-2023,Completed
1176,162,24-03-2024,Completed
1177,99,31-05-2023,Cancelled
1178,108,24-03-2024,Completed
1179,721,15-03-2022,Cancelled
1180,719,21-04-2024,Completed
1181,665,23-03-2022,Completed
1182,700,13-02-2022,Pending
1183,874,28-05-2022,Completed
1184,147,04-06-2022,Pending
1185,334,13-05-2022,Completed
1186,305,13-02-2024,Completed
1187,675,06-04-2024,Cancelled
1188,379,27-11-2022,Completed
1189,287,01-05-2023,Completed
1190,120,13-02-2023,Cancelled
1191,7,03-01-2022,Completed
1192,735,10-11-2023,Completed
1193,341,16-01-2023,Cancelled
1194,572,17-01-2023,Completed
1195,639,11-05-2022,Completed
1196,833,08-01-2022,Completed
1197,828,13-05-2024,Pending
1198,179,13-04-2023,Completed
1199,329,25-09-2022,Cancelled
1200,513,20-01-2024,Cancelled
1201,258,19-11-2022,Cancelled
1202,323,19-03-2023,Cancelled
1203,521,16-04-2023,Pending
1204,133,18-11-2022,Pending
1205,35,14-03-2024,Pending
1206,941,17-01-2022,Pending
1207,390,08-03-2022,Pending
1208,638,06-03-2023,Pending
1209,646,12-10-2022,Pending
1210,651,02-10-2022,Pending
1211,136,17-05-2023,Pending
1212,383,25-02-2022,Pending
1213,939,08-04-2024,Pending
1214,412,22-02-2024,Pending
1215,202,05-03-2024,Pending
1216,497,10-11-2023,Pending
1217,398,29-07-2023,Pending
1218,665,22-04-2024,Pending
1219,949,14-11-2022,Pending
1220,319,03-07-2023,Pending
1221,256,13-07-2022,Pending
1222,798,15-03-2024,Pending
1223,230,22-05-2022,Pending
1224,673,25-08-2023,Pending
1225,7,05-02-2022,Pending
1226,436,09-08-2023,Pending
1227,966,04-07-2022,Pending
1228,92,06-11-2022,Pending
1229,54,11-12-2022,Pending
1230,224,20-06-2023,Pending
1231,838,19-05-2024,Pending
1232,759,07-02-2024,Pending
1233,368,19-01-2022,Pending
1234,500,05-06-2022,Pending
1235,963,18-11-2023,Pending
1236,483,17-03-2024,Pending
1237,969,19-11-2023,Pending
1238,317,23-03-2022,Pending
1239,398,09-05-2022,Pending
1240,81,11-08-2022,Pending
1241,898,12-06-2023,Pending
1242,328,04-10-2022,Pending
1243,92,01-03-2024,Pending
1244,109,07-02-2024,Pending
1245,266,20-08-2022,Pending
1246,50,29-08-2023,Pending
1247,302,09-03-2022,Pending
1248,907,29-02-2024,Pending
1249,135,20-06-2022,Pending
1250,418,06-01-2022,Pending
1251,445,15-05-2023,Pending
1252,3,05-02-2024,Pending
1253,7,20-05-2023,Pending
1254,802,14-06-2023,Pending
1255,27,19-01-2024,Pending
1256,607,23-02-2024,Pending
1257,315,20-09-2022,Pending
1258,569,13-03-2024,Pending
1259,296,30-07-2023,Pending
1260,838,07-05-2022,Pending
1261,709,19-12-2023,Pending
1262,673,24-12-2023,Pending
1263,465,17-02-2024,Pending
1264,615,14-02-2023,Pending
1265,525,08-12-2022,Pending
1266,326,10-07-2022,Pending
1267,796,09-07-2022,Pending
1268,87,28-11-2023,Pending
1269,97,04-01-2024,Pending
1270,873,24-01-2022,Pending
1271,109,14-06-2024,Pending
1272,861,25-04-2023,Pending
1273,87,10-04-2023,Pending
1274,232,12-10-2022,Pending
1275,217,30-12-2023,Pending
1276,911,10-09-2023,Pending
1277,305,09-06-2024,Pending
1278,437,19-09-2022,Pending
1279,110,21-06-2023,Pending
1280,159,30-08-2023,Pending
1281,392,23-08-2023,Pending
1282,251,17-11-2023,Pending
1283,373,18-04-2024,Pending
1284,856,29-06-2023,Pending
1285,145,15-01-2023,Pending
1286,925,01-05-2023,Pending
1287,422,23-03-2022,Pending
1288,929,24-02-2024,Pending
1289,586,15-08-2023,Pending
1290,84,08-05-2024,Pending
1291,656,19-08-2023,Pending
1292,345,18-02-2023,Pending
1293,468,31-10-2022,Pending
1294,116,29-09-2022,Pending
1295,148,21-02-2024,Pending
1296,854,28-07-2022,Pending
1297,331,19-01-2024,Pending
1298,284,30-05-2024,Pending
1299,155,04-05-2023,Pending
1300,185,24-04-2024,Pending
1301,549,04-04-2022,Pending
1302,566,12-10-2022,Pending
1303,216,07-04-2022,Pending
1304,404,19-06-2024,Pending
1305,368,02-11-2023,Pending
1306,601,29-05-2023,Pending
1307,12,20-10-2023,Pending
1308,685,28-10-2023,Pending
1309,242,16-01-2023,Pending
1310,447,28-10-2022,Pending
1311,410,05-12-2022,Pending
1312,523,05-06-2024,Pending
1313,64,23-02-2024,Pending
1314,89,27-08-2022,Pending
1315,591,28-03-2022,Pending
1316,126,30-01-2022,Pending
1317,170,20-02-2022,Pending
1318,576,13-04-2022,Pending
1319,997,03-12-2023,Pending
1320,493,24-03-2022,Pending
1321,819,11-12-2022,Pending
1322,890,18-07-2022,Pending
1323,796,20-02-2022,Pending
1324,313,09-03-2022,Pending
1325,488,31-08-2022,Pending
1326,823,05-04-2022,Pending
1327,640,10-09-2023,Pending
1328,301,04-11-2022,Pending
1329,723,08-07-2023,Pending
1330,144,28-01-2023,Pending
1331,687,01-05-2022,Pending
1332,500,29-12-2022,Pending
1333,976,24-12-2023,Pending
1334,425,20-04-2023,Pending
1335,685,15-04-2022,Pending
1336,119,09-02-2024,Pending
1337,488,05-03-2024,Pending
1338,133,10-03-2022,Pending
1339,819,12-04-2022,Pending
1340,492,24-06-2022,Pending
1341,971,19-04-2023,Pending
1342,98,29-09-2023,Pending
1343,239,08-02-2022,Pending
1344,697,09-02-2022,Pending
1345,894,09-06-2024,Pending
1346,146,27-02-2022,Pending
1347,131,18-02-2022,Pending
1348,510,26-05-2024,Pending
1349,267,11-08-2023,Pending
1350,147,17-01-2024,Pending
1351,185,02-10-2023,Pending
1352,17,20-10-2022,Pending
1353,826,16-06-2024,Pending
1354,461,04-10-2023,Pending
1355,594,04-12-2023,Pending
1356,828,20-10-2022,Pending
1357,120,05-09-2022,Pending
1358,916,18-07-2022,Pending
1359,160,03-06-2024,Pending
1360,242,25-06-2023,Pending
1361,678,28-01-2023,Pending
1362,243,19-11-2023,Pending
1363,620,31-07-2023,Pending
1364,363,07-02-2022,Pending
1365,837,31-01-2023,Pending
1366,343,12-02-2022,Pending
1367,237,17-01-2022,Pending
1368,107,16-06-2022,Pending
1369,94,21-08-2023,Pending
1370,533,17-08-2023,Pending
1371,621,27-04-2022,Pending
1372,630,08-07-2022,Pending
1373,381,24-07-2022,Pending
1374,913,14-09-2023,Pending
1375,602,17-01-2024,Pending
1376,467,26-05-2023,Pending
1377,744,14-02-2023,Pending
1378,514,20-10-2023,Pending
1379,462,01-05-2022,Pending
1380,155,31-07-2022,Pending
1381,764,27-04-2024,Pending
1382,623,12-01-2024,Pending
1383,235,16-04-2024,Pending
1384,12,24-01-2023,Pending
1385,890,24-09-2022,Pending
1386,245,15-04-2022,Pending
1387,242,08-06-2023,Pending
1388,600,10-01-2022,Pending
1389,895,16-11-2023,Pending
1390,116,21-12-2022,Pending
1391,57,25-10-2023,Pending
1392,786,24-04-2023,Pending
1393,830,11-02-2024,Pending
1394,121,24-08-2023,Pending
1395,290,08-11-2023,Pending
1396,909,04-01-2024,Pending
1397,30,07-06-2023,Pending
1398,473,22-08-2022,Pending
1399,823,17-12-2023,Pending
1400,4,19-12-2023,Pending
1401,532,26-10-2022,Pending
1402,811,18-02-2023,Pending
1403,861,11-06-2024,Pending
1404,933,09-09-2023,Pending
1405,773,14-02-2023,Pending
1406,447,30-12-2023,Pending
1407,135,04-12-2023,Pending
1408,636,12-01-2023,Pending
1409,498,01-02-2023,Pending
1410,47,02-07-2023,Pending
1411,285,07-12-2023,Pending
1412,605,11-07-2022,Pending
1413,857,16-06-2022,Pending
1414,498,15-04-2024,Pending
1415,292,26-11-2022,Pending
1416,12,06-10-2023,Pending
1417,143,11-03-2022,Pending
1418,358,15-09-2023,Pending
1419,563,19-04-2022,Pending
1420,307,01-04-2022,Pending
1421,313,11-05-2024,Pending
1422,690,15-07-2023,Pending
1423,94,03-04-2024,Pending
1424,551,28-03-2024,Pending
1425,183,14-12-2023,Pending
1426,961,14-01-2023,Pending
1427,679,23-11-2022,Pending
1428,306,15-03-2023,Pending
1429,211,10-08-2023,Pending
1430,582,11-11-2022,Pending
1431,92,02-06-2024,Pending
1432,467,18-10-2023,Pending
1433,328,23-01-2024,Pending
1434,411,28-10-2022,Pending
1435,863,05-09-2023,Pending
1436,996,14-11-2023,Pending
1437,534,14-11-2022,Pending
1438,627,28-05-2022,Pending
1439,129,06-01-2024,Pending
1440,958,10-05-2024,Pending
1441,78,23-07-2023,Pending
1442,892,14-12-2023,Pending
1443,425,28-04-2022,Pending
1444,407,16-07-2022,Pending
1445,67,06-11-2023,Pending
1446,180,26-02-2023,Pending
1447,956,12-01-2024,Pending
1448,51,25-05-2022,Pending
1449,578,30-08-2023,Pending
1450,987,26-03-2024,Pending
1451,918,08-12-2023,Pending
1452,764,31-12-2022,Pending
1453,308,22-04-2023,Pending
1454,856,15-12-2023,Pending
1455,713,03-09-2023,Pending
1456,990,07-03-2023,Pending
1457,815,31-12-2023,Pending
1458,70,22-02-2022,Pending
1459,525,23-09-2023,Pending
1460,603,14-05-2023,Pending
1461,924,07-03-2024,Pending
1462,192,25-07-2023,Pending
1463,840,01-03-2024,Pending
1464,792,07-08-2022,Pending
1465,99,09-04-2022,Pending
1466,148,15-01-2023,Pending
1467,915,12-01-2022,Pending
1468,415,03-06-2022,Pending
1469,306,07-04-2023,Pending
1470,906,11-12-2023,Pending
1471,194,05-01-2024,Pending
1472,947,20-01-2022,Pending
1473,350,13-01-2024,Pending
1474,343,25-05-2022,Pending
1475,954,19-12-2023,Pending
1476,766,19-11-2023,Pending
1477,289,11-04-2023,Pending
1478,338,30-04-2024,Pending
1479,896,14-02-2022,Pending
1480,730,02-02-2024,Pending
1481,72,10-12-2023,Pending
1482,16,16-10-2023,Pending
1483,446,07-09-2022,Pending
1484,303,19-01-2024,Pending
1485,95,21-04-2023,Pending
1486,932,03-02-2022,Pending
1487,936,21-07-2022,Pending
1488,870,04-07-2022,Pending
1489,864,07-02-2023,Pending
1490,44,27-03-2024,Pending
1491,856,27-12-2022,Pending
1492,650,13-05-2023,Pending
1493,923,01-02-2022,Pending
1494,259,23-11-2022,Pending
1495,104,26-12-2022,Pending
1496,357,20-09-2022,Pending
1497,567,25-07-2023,Pending
1498,822,16-12-2023,Pending
1499,672,07-02-2024,Pending
1500,366,16-02-2024,Pending
1501,873,20-04-2024,Pending
1502,793,03-03-2024,Pending
1503,262,01-03-2023,Pending
1504,91,28-09-2023,Pending
1505,282,01-08-2023,Pending
1506,401,02-02-2022,Pending
1507,306,15-10-2022,Pending
1508,840,08-06-2023,Pending
1509,396,05-06-2023,Pending
1510,571,03-06-2022,Pending
1511,974,22-04-2022,Pending
1512,106,11-12-2022,Pending
1513,395,22-02-2023,Pending
1514,65,28-10-2023,Pending
1515,228,10-02-2024,Pending
1516,759,28-12-2023,Pending
1517,852,17-03-2024,Pending
1518,628,03-04-2024,Pending
1519,716,03-06-2023,Pending
1520,511,24-07-2023,Pending
1521,979,31-05-2024,Pending
1522,111,11-01-2023,Pending
1523,878,23-02-2024,Pending
1524,927,11-04-2022,Pending
1525,803,08-10-2023,Pending
1526,344,16-02-2022,Pending
1527,400,03-05-2024,Pending
1528,482,26-04-2024,Pending
1529,699,20-12-2023,Pending
1530,261,02-11-2022,Pending
1531,193,05-01-2023,Pending
1532,23,01-05-2022,Pending
1533,965,09-04-2023,Pending
1534,992,05-01-2023,Pending
1535,139,23-07-2022,Pending
1536,451,18-04-2022,Pending
1537,852,16-04-2023,Pending
1538,952,14-09-2023,Pending
1539,855,21-11-2022,Pending
1540,999,29-11-2023,Pending
1541,140,30-07-2023,Pending
1542,219,30-03-2022,Pending
1543,3,22-03-2023,Pending
1544,557,20-07-2023,Pending
1545,237,19-03-2023,Pending
1546,968,04-12-2022,Pending
1547,117,28-07-2023,Pending
1548,384,22-05-2022,Pending
1549,929,05-07-2023,Pending
1550,607,07-12-2023,Pending
1551,985,18-06-2024,Pending
1552,934,21-04-2023,Pending
1553,334,16-10-2023,Pending
1554,597,07-06-2024,Pending
1555,995,08-06-2023,Pending
1556,476,27-07-2022,Pending
1557,421,10-01-2022,Pending
1558,745,12-03-2024,Pending
1559,905,21-05-2022,Pending
1560,420,18-07-2022,Pending
1561,352,18-02-2023,Pending
1562,251,05-09-2022,Pending
1563,155,20-03-2024,Pending
1564,82,16-06-2024,Pending
1565,35,17-07-2023,Pending
1566,509,10-04-2024,Pending
1567,735,07-05-2024,Pending
1568,63,30-06-2023,Pending
1569,89,04-02-2024,Pending
1570,763,04-06-2023,Pending
1571,55,10-03-2023,Pending
1572,457,10-08-2022,Pending
1573,640,02-11-2023,Pending
1574,653,28-02-2024,Pending
1575,789,03-07-2022,Pending
1576,149,15-02-2024,Pending
1577,756,20-10-2022,Pending
1578,907,18-06-2023,Pending
1579,869,16-09-2023,Pending
1580,87,31-07-2022,Pending
1581,952,04-12-2023,Pending
1582,688,11-01-2024,Pending
1583,228,13-08-2022,Pending
1584,930,05-05-2024,Pending
1585,74,12-05-2023,Pending
1586,743,15-04-2023,Pending
1587,500,20-11-2023,Pending
1588,167,01-08-2023,Pending
1589,77,04-06-2024,Pending
1590,808,26-01-2023,Pending
1591,539,30-04-2022,Pending
1592,686,27-01-2022,Pending
1593,973,19-11-2023,Pending
1594,652,10-04-2024,Pending
1595,850,01-03-2024,Pending
1596,764,02-02-2022,Pending
1597,246,15-11-2022,Pending
1598,750,07-03-2024,Pending
1599,36,02-10-2022,Pending
1600,826,10-09-2022,Pending
1601,811,17-02-2023,Pending
1602,850,17-09-2023,Pending
1603,251,25-04-2024,Pending
1604,423,28-01-2024,Pending
1605,954,02-04-2024,Pending
1606,966,30-11-2023,Pending
1607,986,05-07-2022,Pending
1608,126,11-04-2023,Pending
1609,188,31-01-2024,Pending
1610,51,25-11-2022,Pending
1611,541,10-10-2022,Pending
1612,58,02-01-2022,Pending
1613,964,29-02-2024,Pending
1614,824,05-11-2022,Pending
1615,167,25-03-2024,Pending
1616,525,09-01-2022,Pending
1617,890,08-01-2024,Pending
1618,64,08-11-2023,Pending
1619,784,26-02-2023,Pending
1620,684,07-05-2024,Pending
1621,54,18-06-2022,Pending
1622,248,13-11-2022,Pending
1623,82,11-08-2022,Pending
1624,746,03-04-2024,Pending
1625,35,05-04-2023,Pending
1626,886,15-03-2023,Pending
1627,879,07-10-2022,Pending
1628,812,26-03-2022,Pending
1629,531,29-04-2024,Pending
1630,532,07-02-2024,Pending
1631,747,16-08-2022,Pending
1632,157,19-02-2024,Pending
1633,581,27-07-2022,Pending
1634,849,03-03-2024,Pending
1635,33,26-03-2022,Pending
1636,117,10-06-2023,Pending
1637,343,16-06-2022,Pending
1638,547,28-08-2022,Pending
1639,482,06-04-2022,Pending
1640,753,08-07-2023,Pending
1641,275,26-05-2024,Pending
1642,326,07-04-2022,Pending
1643,262,13-07-2023,Pending
1644,798,24-08-2023,Pending
1645,119,22-06-2022,Pending
1646,247,06-01-2023,Pending
1647,773,10-12-2023,Pending
1648,235,17-06-2024,Pending
1649,957,07-10-2022,Pending
1650,281,18-08-2023,Pending
1651,916,01-08-2022,Pending
1652,502,17-12-2022,Pending
1653,337,27-10-2022,Pending
1654,571,29-04-2023,Pending
1655,476,13-03-2022,Pending
1656,381,15-03-2023,Pending
1657,811,19-09-2023,Pending
1658,248,08-07-2022,Pending
1659,470,29-01-2023,Pending
1660,644,11-03-2023,Pending
1661,323,24-02-2023,Pending
1662,772,10-05-2022,Pending
1663,819,07-07-2022,Pending
1664,858,09-12-2022,Pending
1665,901,30-12-2023,Pending
1666,757,13-02-2024,Pending
1667,263,15-06-2023,Pending
1668,942,26-09-2022,Pending
1669,885,14-05-2023,Pending
1670,117,19-07-2023,Pending
1671,245,18-10-2022,Pending
1672,815,11-12-2023,Pending
1673,20,07-09-2022,Pending
1674,751,05-10-2022,Pending
1675,757,05-01-2024,Pending
1676,112,18-02-2023,Pending
1677,105,28-08-2023,Pending
1678,64,30-05-2023,Pending
1679,178,28-03-2024,Pending
1680,31,12-03-2023,Pending
1681,542,04-05-2022,Pending
1682,776,25-01-2022,Pending
1683,263,13-04-2023,Pending
1684,714,17-02-2022,Pending
1685,927,16-01-2024,Pending
1686,37,05-06-2024,Pending
1687,599,22-07-2022,Pending
1688,668,26-12-2023,Pending
1689,5,09-08-2023,Pending
1690,121,28-01-2024,Pending
1691,855,03-09-2023,Pending
1692,248,10-11-2022,Pending
1693,312,25-06-2023,Pending
1694,172,06-12-2022,Pending
1695,329,13-04-2023,Pending
1696,156,15-05-2024,Pending
1697,681,11-11-2023,Pending
1698,667,24-05-2022,Pending
1699,663,18-09-2022,Pending
1700,373,17-06-2023,Pending
1701,642,27-07-2022,Pending
1702,388,20-09-2022,Pending
1703,522,11-01-2023,Pending
1704,771,07-01-2022,Pending
1705,953,24-02-2022,Pending
1706,450,02-02-2023,Pending
1707,737,28-08-2022,Pending
1708,480,28-01-2022,Pending
1709,525,28-12-2023,Pending
1710,287,16-11-2023,Pending
1711,606,15-01-2022,Pending
1712,626,10-12-2023,Pending
1713,999,10-03-2023,Pending
1714,904,16-03-2024,Pending
1715,542,15-12-2022,Pending
1716,749,23-11-2023,Pending
1717,773,01-01-2023,Pending
1718,370,29-01-2022,Pending
1719,569,22-09-2022,Pending
1720,722,03-02-2022,Pending
1721,715,08-04-2022,Pending
1722,841,29-12-2022,Pending
1723,174,24-12-2023,Pending
1724,837,31-01-2024,Pending
1725,659,25-06-2023,Pending
1726,751,22-11-2022,Pending
1727,457,13-03-2024,Pending
1728,418,19-04-2023,Pending
1729,448,30-07-2022,Pending
1730,166,01-09-2022,Pending
1731,609,31-12-2023,Pending
1732,390,21-06-2022,Pending
1733,9,18-08-2022,Pending
1734,449,17-12-2022,Pending
1735,125,29-10-2022,Pending
1736,858,17-01-2023,Pending
1737,804,09-04-2023,Pending
1738,829,09-10-2023,Pending
1739,603,30-06-2022,Pending
1740,967,07-04-2022,Pending
1741,323,25-11-2023,Pending
1742,553,20-02-2022,Pending
1743,893,09-04-2022,Pending
1744,415,24-05-2024,Pending
1745,151,04-02-2024,Pending
1746,551,25-09-2023,Pending
1747,805,31-05-2023,Pending
1748,508,09-05-2022,Pending
1749,909,09-12-2023,Pending
1750,957,01-07-2023,Pending
1751,309,07-04-2022,Pending
1752,826,03-01-2022,Pending
1753,786,05-05-2024,Pending
1754,405,01-05-2023,Pending
1755,734,06-09-2022,Pending
1756,683,26-08-2022,Pending
1757,93,10-06-2024,Pending
1758,712,26-05-2023,Pending
1759,863,12-06-2024,Pending
1760,591,06-09-2022,Pending
1761,263,20-10-2023,Pending
1762,915,11-10-2022,Pending
1763,727,08-11-2022,Pending
1764,194,24-04-2022,Pending
1765,280,14-06-2023,Pending
1766,505,16-06-2023,Pending
1767,545,10-04-2024,Pending
1768,660,23-03-2022,Pending
1769,983,12-03-2022,Pending
1770,111,20-04-2024,Pending
1771,77,24-10-2022,Pending
1772,256,22-08-2022,Pending
1773,252,22-09-2022,Pending
1774,208,08-08-2022,Pending
1775,823,27-12-2022,Pending
1776,886,16-06-2024,Pending
1777,289,27-12-2022,Pending
1778,628,04-08-2022,Pending
1779,326,14-12-2022,Pending
1780,561,26-03-2022,Pending
1781,82,12-03-2023,Pending
1782,978,09-04-2023,Pending
1783,105,05-10-2022,Pending
1784,641,03-12-2023,Pending
1785,418,25-06-2023,Pending
1786,71,22-12-2022,Pending
1787,759,26-06-2022,Pending
1788,718,16-06-2023,Pending
1789,355,21-09-2022,Pending
1790,716,24-09-2023,Pending
1791,393,19-02-2022,Pending
1792,321,26-05-2024,Pending
1793,743,31-03-2022,Pending
1794,373,11-04-2022,Pending
1795,915,05-07-2022,Pending
1796,472,28-05-2023,Pending
1797,567,24-05-2023,Pending
1798,954,15-01-2023,Pending
1799,167,14-04-2024,Pending
1800,434,26-09-2023,Pending
1801,836,08-01-2024,Pending
1802,506,29-07-2022,Pending
1803,717,22-02-2022,Pending
1804,128,10-07-2022,Pending
1805,390,16-01-2022,Pending
1806,442,07-01-2023,Pending
1807,815,19-03-2022,Pending
1808,996,07-07-2023,Pending
1809,782,01-04-2023,Pending
1810,864,10-09-2023,Pending
1811,377,17-05-2024,Pending
1812,599,19-12-2023,Pending
1813,214,08-06-2023,Pending
1814,80,31-10-2022,Pending
1815,961,16-04-2022,Pending
1816,576,11-02-2024,Pending
1817,75,18-12-2023,Pending
1818,60,21-08-2022,Pending
1819,999,21-11-2023,Pending
1820,469,04-04-2023,Pending
1821,92,20-04-2024,Pending
1822,561,15-06-2023,Pending
1823,626,26-09-2023,Pending
1824,492,19-07-2022,Pending
1825,297,08-09-2023,Pending
1826,205,14-02-2024,Pending
1827,887,06-04-2024,Pending
1828,967,18-11-2022,Pending
1829,581,23-02-2022,Pending
1830,173,13-01-2024,Pending
1831,956,15-09-2023,Pending
1832,554,16-05-2024,Pending
1833,201,31-01-2024,Pending
1834,411,02-02-2022,Pending
1835,240,13-08-2022,Pending
1836,268,11-05-2024,Pending
1837,719,19-07-2023,Pending
1838,689,31-12-2023,Pending
1839,965,08-02-2024,Pending
1840,552,28-02-2024,Pending
1841,55,19-10-2023,Pending
1842,431,17-08-2023,Pending
1843,510,28-12-2023,Pending
1844,179,05-02-2023,Pending
1845,851,02-04-2023,Pending
1846,788,06-04-2023,Pending
1847,177,12-06-2024,Pending
1848,533,12-09-2022,Pending
1849,293,23-12-2023,Pending
1850,937,06-11-2022,Pending
1851,623,20-07-2022,Pending
1852,563,16-06-2024,Pending
1853,111,22-04-2024,Pending
1854,727,09-07-2022,Pending
1855,990,21-06-2022,Pending
1856,807,09-01-2023,Pending
1857,712,27-11-2023,Pending
1858,547,03-05-2024,Pending
1859,257,20-10-2022,Pending
1860,698,06-08-2023,Pending
1861,630,29-05-2024,Pending
1862,669,06-01-2022,Pending
1863,910,11-02-2024,Pending
1864,179,09-02-2022,Pending
1865,123,26-12-2023,Pending
1866,358,03-06-2024,Pending
1867,706,09-06-2024,Pending
1868,204,05-03-2024,Pending
1869,267,12-12-2022,Pending
1870,736,14-10-2022,Pending
1871,603,06-07-2022,Pending
1872,758,04-12-2023,Pending
1873,137,06-06-2023,Pending
1874,456,23-06-2022,Pending
1875,698,27-01-2022,Pending
1876,780,02-04-2022,Pending
1877,593,31-01-2022,Pending
1878,238,25-11-2023,Pending
1879,437,14-06-2024,Pending
1880,126,12-04-2023,Pending
1881,551,15-04-2024,Pending
1882,218,16-07-2023,Pending
1883,940,16-01-2023,Pending
1884,886,19-06-2022,Pending
1885,104,24-10-2022,Pending
1886,392,14-12-2023,Pending
1887,934,29-01-2022,Pending
1888,681,15-03-2022,Pending
1889,409,17-01-2023,Pending
1890,968,16-05-2022,Pending
1891,754,19-12-2022,Pending
1892,791,02-01-2024,Pending
1893,108,24-05-2023,Pending
1894,851,23-03-2023,Pending
1895,959,21-06-2022,Pending
1896,9,04-08-2023,Pending
1897,881,12-02-2024,Pending
1898,808,04-12-2022,Pending
1899,956,12-02-2022,Pending
1900,105,29-07-2023,Pending
1901,446,24-09-2023,Pending
1902,163,09-05-2022,Pending
1903,235,13-01-2022,Pending
1904,7,06-04-2024,Pending
1905,304,29-09-2023,Pending
1906,242,29-10-2023,Pending
1907,542,06-04-2024,Pending
1908,358,29-07-2023,Pending
1909,264,08-11-2023,Pending
1910,894,18-10-2022,Pending
1911,544,12-08-2023,Pending
1912,715,06-03-2023,Pending
1913,825,10-03-2024,Pending
1914,704,23-03-2024,Pending
1915,635,17-09-2023,Pending
1916,316,06-06-2023,Pending
1917,945,15-01-2024,Pending
1918,897,11-02-2024,Pending
1919,417,17-03-2022,Pending
1920,731,01-06-2022,Pending
1921,540,24-02-2024,Pending
1922,618,03-05-2022,Pending
1923,729,25-05-2024,Pending
1924,704,23-03-2024,Pending
1925,844,13-06-2024,Pending
1926,769,28-08-2022,Pending
1927,289,17-04-2024,Pending
1928,639,27-04-2023,Pending
1929,88,28-08-2022,Pending
1930,993,06-09-2022,Pending
1931,827,21-11-2022,Pending
1932,796,04-08-2022,Pending
1933,363,04-05-2023,Pending
1934,21,18-02-2024,Pending
1935,186,28-09-2023,Pending
1936,253,08-04-2022,Pending
1937,274,02-09-2023,Pending
1938,217,02-12-2022,Pending
1939,842,20-03-2024,Pending
1940,939,08-09-2022,Pending
1941,454,09-06-2023,Pending
1942,821,27-01-2022,Pending
1943,826,17-05-2022,Pending
1944,716,07-12-2022,Pending
1945,692,15-11-2023,Pending
1946,58,02-11-2023,Pending
1947,261,15-03-2024,Pending
1948,169,07-09-2023,Pending
1949,998,05-09-2023,Pending
1950,555,11-02-2023,Pending
1951,474,16-03-2023,Pending
1952,789,15-08-2023,Pending
1953,997,06-01-2023,Pending
1954,285,23-05-2023,Pending
1955,856,10-08-2022,Pending
1956,133,03-03-2023,Pending
1957,734,15-02-2022,Pending
1958,183,13-06-2022,Pending
1959,147,27-01-2023,Pending
1960,320,23-02-2022,Pending
1961,134,26-07-2023,Pending
1962,59,05-09-2023,Pending
1963,727,24-02-2023,Pending
1964,531,13-06-2024,Pending
1965,890,18-08-2023,Pending
1966,275,16-03-2022,Pending
1967,491,26-07-2022,Pending
1968,968,17-10-2023,Pending
1969,292,14-11-2022,Pending
1970,52,05-10-2022,Pending
1971,108,25-05-2022,Pending
1972,85,11-06-2023,Pending
1973,932,06-01-2024,Pending
1974,688,20-06-2023,Pending
1975,962,26-06-2022,Pending
1976,769,21-11-2023,Pending
1977,546,09-08-2022,Pending
1978,242,19-03-2024,Pending
1979,313,16-08-2022,Pending
1980,844,10-10-2022,Pending
1981,765,30-01-2023,Pending
1982,957,21-01-2022,Pending
1983,74,08-11-2023,Pending
1984,56,05-11-2023,Pending
1985,993,08-06-2023,Pending
1986,508,17-05-2022,Pending
1987,633,10-05-2022,Pending
1988,960,23-01-2022,Pending
1989,449,02-07-2023,Pending
1990,866,04-06-2023,Pending
1991,228,07-04-2024,Pending
1992,796,31-12-2022,Pending
1993,649,16-02-2024,Pending
1994,770,21-09-2023,Pending
1995,723,25-11-2022,Pending
1996,684,29-01-2022,Pending
1997,14,18-09-2022,Pending
1998,22,07-06-2024,Pending
1999,506,16-01-2022,Pending
2000,436,01-10-2023,Pending
